Title,Link
Or let us build and manage your web data feeds.,
Powerful web scraping tools for developers,
Extract product data in minutes,
The best place to host Scrapy spiders,
Zyte for your business,
Product data,
Data for AI,
Job Posting data,
News & Article data,
Real Estate data,
Business Places data,
Our users love Zyte,
Why Zyte for your business?,
Zyte makes the complex simple,
Access to web data your way,
Pricing per website,
"Web scraping developers, unite!",
Join our developer community on discord,
Watch Extract Summit 2024 on-demand,
